
create table blog_category (
	blog_cate_id INT PRIMARY KEY,
	name VARCHAR(15),
	count INT
);

insert into blog_category (blog_cate_id, name, count) values (1, 'Nhà đất', 10);
insert into blog_category (blog_cate_id, name, count) values (2, 'Dự án mới', 20);
insert into blog_category (blog_cate_id, name, count) values (3, 'Mẹo vặt', 30);

create table blog (
	blog_id INT PRIMARY KEY,
	title VARCHAR(500),
	content TEXT,
	user_id INT,
	create_at DATE,
	blog_cate_id INT
);

insert into blog (blog_id, title, content, create_at, user_id, blog_cate_id) values (1, 'Vivamus tortor. Duis mattis egestas metus.', 'Integer aliquet, massa id lobortis convallis, tortor risus dapibus augue, vel accumsan tellus nisi eu orci. Mauris lacinia sapien quis libero. Nullam sit amet turpis elementum ligula vehicula consequat. Morbi a ipsum. Integer a nibh. In quis justo. Maecenas rhoncus aliquam lacus. Morbi quis tortor id nulla ultrices aliquet. Maecenas leo odio, condimentum id, luctus nec, molestie sed, justo. Pellentesque viverra pede ac diam. Cras pellentesque volutpat dui. Maecenas tristique, est et tempus semper, est quam pharetra magna, ac consequat metus sapien ut nunc. Vestibulum ante ipsum primis in faucibus orci luctus et ultrices posuere cubilia Curae; Mauris viverra diam vitae quam. Suspendisse potenti. Nullam porttitor lacus at turpis. Donec posuere metus vitae ipsum. Aliquam non mauris. Morbi non lectus. Aliquam sit amet diam in magna bibendum imperdiet. Nullam orci pede, venenatis non, sodales sed, tincidunt eu, felis. Fusce posuere felis sed lacus. Morbi sem mauris, laoreet ut, rhoncus aliquet, pulvinar sed, nisl. Nunc rhoncus dui vel sem. Sed sagittis. Nam congue, risus semper porta volutpat, quam pede lobortis ligula, sit amet eleifend pede libero quis orci. Nullam molestie nibh in lectus. Pellentesque at nulla. Suspendisse potenti. Cras in purus eu magna vulputate luctus. Cum sociis natoque penatibus et magnis dis parturient montes, nascetur ridiculus mus. Vivamus vestibulum sagittis sapien. Cum sociis natoque penatibus et magnis dis parturient montes, nascetur ridiculus mus. Etiam vel augue. Vestibulum rutrum rutrum neque. Aenean auctor gravida sem. Praesent id massa id nisl venenatis lacinia. Aenean sit amet justo. Morbi ut odio. Cras mi pede, malesuada in, imperdiet et, commodo vulputate, justo. In blandit ultrices enim. Lorem ipsum dolor sit amet, consectetuer adipiscing elit. Proin interdum mauris non ligula pellentesque ultrices. Phasellus id sapien in sapien iaculis congue. Vivamus metus arcu, adipiscing molestie, hendrerit at, vulputate vitae, nisl. Aenean lectus. Pellentesque eget nunc. Donec quis orci eget orci vehicula condimentum. Curabitur in libero ut massa volutpat convallis.', '7/10/2017', 302, 1);
insert into blog (blog_id, title, content, create_at, user_id, blog_cate_id) values (2, 'Morbi non lectus.', 'Integer pede justo, lacinia eget, tincidunt eget, tempus vel, pede. Morbi porttitor lorem id ligula. Suspendisse ornare consequat lectus. In est risus, auctor sed, tristique in, tempus sit amet, sem. Fusce consequat. Nulla nisl. Nunc nisl. Duis bibendum, felis sed interdum venenatis, turpis enim blandit mi, in porttitor pede justo eu massa. Donec dapibus. Duis at velit eu est congue elementum. In hac habitasse platea dictumst. Morbi vestibulum, velit id pretium iaculis, diam erat fermentum justo, nec condimentum neque sapien placerat ante. Nulla justo. Aliquam quis turpis eget elit sodales scelerisque. Mauris sit amet eros. Suspendisse accumsan tortor quis turpis. Sed ante. Vivamus tortor. Duis mattis egestas metus. Aenean fermentum. Donec ut mauris eget massa tempor convallis. Nulla neque libero, convallis eget, eleifend luctus, ultricies eu, nibh. Quisque id justo sit amet sapien dignissim vestibulum. Vestibulum ante ipsum primis in faucibus orci luctus et ultrices posuere cubilia Curae; Nulla dapibus dolor vel est. Donec odio justo, sollicitudin ut, suscipit a, feugiat et, eros. Vestibulum ac est lacinia nisi venenatis tristique. Fusce congue, diam id ornare imperdiet, sapien urna pretium nisl, ut volutpat sapien arcu sed augue. Aliquam erat volutpat. In congue. Etiam justo. Etiam pretium iaculis justo. In hac habitasse platea dictumst. Etiam faucibus cursus urna. Ut tellus. Nulla ut erat id mauris vulputate elementum. Nullam varius. Nulla facilisi. Cras non velit nec nisi vulputate nonummy. Maecenas tincidunt lacus at velit. Vivamus vel nulla eget eros elementum pellentesque. Quisque porta volutpat erat. Quisque erat eros, viverra eget, congue eget, semper rutrum, nulla. Nunc purus. Phasellus in felis.', '5/23/2017', 825, 1);
insert into blog (blog_id, title, content, create_at, user_id, blog_cate_id) values (3, 'Nam congue, risus semper porta volutpat, quam pede lobortis ligula, sit amet eleifend pede libero quis orci.', 'Etiam faucibus cursus urna. Ut tellus. Nulla ut erat id mauris vulputate elementum. Nullam varius. Nulla facilisi. Cras non velit nec nisi vulputate nonummy. Maecenas tincidunt lacus at velit. Vivamus vel nulla eget eros elementum pellentesque. Quisque porta volutpat erat. Quisque erat eros, viverra eget, congue eget, semper rutrum, nulla. Nunc purus. Phasellus in felis. Donec semper sapien a libero. Nam dui. Proin leo odio, porttitor id, consequat in, consequat ut, nulla. Sed accumsan felis. Ut at dolor quis odio consequat varius.', '9/17/2016', 682, 2);
insert into blog (blog_id, title, content, create_at, user_id, blog_cate_id) values (4, 'Nunc nisl. Duis bibendum, felis sed interdum venenatis, turpis enim blandit mi, in porttitor pede justo eu massa.', 'Nunc rhoncus dui vel sem. Sed sagittis. Nam congue, risus semper porta volutpat, quam pede lobortis ligula, sit amet eleifend pede libero quis orci. Nullam molestie nibh in lectus. Pellentesque at nulla. Suspendisse potenti. Cras in purus eu magna vulputate luctus. Cum sociis natoque penatibus et magnis dis parturient montes, nascetur ridiculus mus. Vivamus vestibulum sagittis sapien. Cum sociis natoque penatibus et magnis dis parturient montes, nascetur ridiculus mus. Etiam vel augue. Vestibulum rutrum rutrum neque. Aenean auctor gravida sem. Praesent id massa id nisl venenatis lacinia. Aenean sit amet justo. Morbi ut odio. Cras mi pede, malesuada in, imperdiet et, commodo vulputate, justo. In blandit ultrices enim. Lorem ipsum dolor sit amet, consectetuer adipiscing elit. Proin interdum mauris non ligula pellentesque ultrices. Phasellus id sapien in sapien iaculis congue. Vivamus metus arcu, adipiscing molestie, hendrerit at, vulputate vitae, nisl. Aenean lectus. Pellentesque eget nunc. Donec quis orci eget orci vehicula condimentum. Curabitur in libero ut massa volutpat convallis. Morbi odio odio, elementum eu, interdum eu, tincidunt in, leo. Maecenas pulvinar lobortis est. Phasellus sit amet erat. Nulla tempus. Vivamus in felis eu sapien cursus vestibulum. Proin eu mi. Nulla ac enim. In tempor, turpis nec euismod scelerisque, quam turpis adipiscing lorem, vitae mattis nibh ligula nec sem. Duis aliquam convallis nunc. Proin at turpis a pede posuere nonummy. Integer non velit. Donec diam neque, vestibulum eget, vulputate ut, ultrices vel, augue. Vestibulum ante ipsum primis in faucibus orci luctus et ultrices posuere cubilia Curae; Donec pharetra, magna vestibulum aliquet ultrices, erat tortor sollicitudin mi, sit amet lobortis sapien sapien non mi. Integer ac neque. Duis bibendum.', '3/21/2017', 204, 2);
insert into blog (blog_id, title, content, create_at, user_id, blog_cate_id) values (5, 'Donec posuere metus vitae ipsum.', 'Nullam molestie nibh in lectus. Pellentesque at nulla. Suspendisse potenti. Cras in purus eu magna vulputate luctus. Cum sociis natoque penatibus et magnis dis parturient montes, nascetur ridiculus mus. Vivamus vestibulum sagittis sapien. Cum sociis natoque penatibus et magnis dis parturient montes, nascetur ridiculus mus. Etiam vel augue. Vestibulum rutrum rutrum neque. Aenean auctor gravida sem. Praesent id massa id nisl venenatis lacinia. Aenean sit amet justo. Morbi ut odio. Cras mi pede, malesuada in, imperdiet et, commodo vulputate, justo. In blandit ultrices enim. Lorem ipsum dolor sit amet, consectetuer adipiscing elit. Proin interdum mauris non ligula pellentesque ultrices. Phasellus id sapien in sapien iaculis congue. Vivamus metus arcu, adipiscing molestie, hendrerit at, vulputate vitae, nisl. Aenean lectus. Pellentesque eget nunc. Donec quis orci eget orci vehicula condimentum. Curabitur in libero ut massa volutpat convallis. Morbi odio odio, elementum eu, interdum eu, tincidunt in, leo. Maecenas pulvinar lobortis est. Phasellus sit amet erat. Nulla tempus. Vivamus in felis eu sapien cursus vestibulum. Proin eu mi. Nulla ac enim. In tempor, turpis nec euismod scelerisque, quam turpis adipiscing lorem, vitae mattis nibh ligula nec sem. Duis aliquam convallis nunc.', '3/9/2017', 523, 1);
insert into blog (blog_id, title, content, create_at, user_id, blog_cate_id) values (6, 'Curabitur convallis.', 'Morbi porttitor lorem id ligula. Suspendisse ornare consequat lectus. In est risus, auctor sed, tristique in, tempus sit amet, sem. Fusce consequat. Nulla nisl. Nunc nisl. Duis bibendum, felis sed interdum venenatis, turpis enim blandit mi, in porttitor pede justo eu massa. Donec dapibus. Duis at velit eu est congue elementum. In hac habitasse platea dictumst. Morbi vestibulum, velit id pretium iaculis, diam erat fermentum justo, nec condimentum neque sapien placerat ante. Nulla justo. Aliquam quis turpis eget elit sodales scelerisque. Mauris sit amet eros. Suspendisse accumsan tortor quis turpis. Sed ante. Vivamus tortor. Duis mattis egestas metus. Aenean fermentum. Donec ut mauris eget massa tempor convallis. Nulla neque libero, convallis eget, eleifend luctus, ultricies eu, nibh. Quisque id justo sit amet sapien dignissim vestibulum. Vestibulum ante ipsum primis in faucibus orci luctus et ultrices posuere cubilia Curae; Nulla dapibus dolor vel est. Donec odio justo, sollicitudin ut, suscipit a, feugiat et, eros. Vestibulum ac est lacinia nisi venenatis tristique. Fusce congue, diam id ornare imperdiet, sapien urna pretium nisl, ut volutpat sapien arcu sed augue. Aliquam erat volutpat. In congue. Etiam justo. Etiam pretium iaculis justo. In hac habitasse platea dictumst. Etiam faucibus cursus urna. Ut tellus.', '10/31/2016', 492, 2);
insert into blog (blog_id, title, content, create_at, user_id, blog_cate_id) values (7, 'Suspendisse accumsan tortor quis turpis.', 'Duis mattis egestas metus. Aenean fermentum. Donec ut mauris eget massa tempor convallis. Nulla neque libero, convallis eget, eleifend luctus, ultricies eu, nibh. Quisque id justo sit amet sapien dignissim vestibulum. Vestibulum ante ipsum primis in faucibus orci luctus et ultrices posuere cubilia Curae; Nulla dapibus dolor vel est. Donec odio justo, sollicitudin ut, suscipit a, feugiat et, eros. Vestibulum ac est lacinia nisi venenatis tristique. Fusce congue, diam id ornare imperdiet, sapien urna pretium nisl, ut volutpat sapien arcu sed augue. Aliquam erat volutpat. In congue. Etiam justo. Etiam pretium iaculis justo. In hac habitasse platea dictumst. Etiam faucibus cursus urna. Ut tellus. Nulla ut erat id mauris vulputate elementum. Nullam varius. Nulla facilisi. Cras non velit nec nisi vulputate nonummy. Maecenas tincidunt lacus at velit. Vivamus vel nulla eget eros elementum pellentesque. Quisque porta volutpat erat. Quisque erat eros, viverra eget, congue eget, semper rutrum, nulla. Nunc purus. Phasellus in felis. Donec semper sapien a libero.', '9/8/2016', 854, 3);
insert into blog (blog_id, title, content, create_at, user_id, blog_cate_id) values (8, 'In est risus, auctor sed, tristique in, tempus sit amet, sem.', 'Nunc nisl. Duis bibendum, felis sed interdum venenatis, turpis enim blandit mi, in porttitor pede justo eu massa. Donec dapibus. Duis at velit eu est congue elementum. In hac habitasse platea dictumst. Morbi vestibulum, velit id pretium iaculis, diam erat fermentum justo, nec condimentum neque sapien placerat ante. Nulla justo. Aliquam quis turpis eget elit sodales scelerisque. Mauris sit amet eros. Suspendisse accumsan tortor quis turpis. Sed ante. Vivamus tortor. Duis mattis egestas metus. Aenean fermentum. Donec ut mauris eget massa tempor convallis. Nulla neque libero, convallis eget, eleifend luctus, ultricies eu, nibh. Quisque id justo sit amet sapien dignissim vestibulum. Vestibulum ante ipsum primis in faucibus orci luctus et ultrices posuere cubilia Curae; Nulla dapibus dolor vel est. Donec odio justo, sollicitudin ut, suscipit a, feugiat et, eros. Vestibulum ac est lacinia nisi venenatis tristique. Fusce congue, diam id ornare imperdiet, sapien urna pretium nisl, ut volutpat sapien arcu sed augue.', '2/27/2017', 651, 3);
insert into blog (blog_id, title, content, create_at, user_id, blog_cate_id) values (9, 'Suspendisse potenti.', 'Integer pede justo, lacinia eget, tincidunt eget, tempus vel, pede. Morbi porttitor lorem id ligula. Suspendisse ornare consequat lectus. In est risus, auctor sed, tristique in, tempus sit amet, sem. Fusce consequat. Nulla nisl. Nunc nisl. Duis bibendum, felis sed interdum venenatis, turpis enim blandit mi, in porttitor pede justo eu massa. Donec dapibus. Duis at velit eu est congue elementum. In hac habitasse platea dictumst. Morbi vestibulum, velit id pretium iaculis, diam erat fermentum justo, nec condimentum neque sapien placerat ante. Nulla justo. Aliquam quis turpis eget elit sodales scelerisque. Mauris sit amet eros. Suspendisse accumsan tortor quis turpis. Sed ante. Vivamus tortor. Duis mattis egestas metus. Aenean fermentum. Donec ut mauris eget massa tempor convallis. Nulla neque libero, convallis eget, eleifend luctus, ultricies eu, nibh. Quisque id justo sit amet sapien dignissim vestibulum. Vestibulum ante ipsum primis in faucibus orci luctus et ultrices posuere cubilia Curae; Nulla dapibus dolor vel est.', '8/6/2016', 141, 2);
insert into blog (blog_id, title, content, create_at, user_id, blog_cate_id) values (10, 'Aliquam quis turpis eget elit sodales scelerisque.', 'Integer tincidunt ante vel ipsum. Praesent blandit lacinia erat. Vestibulum sed magna at nunc commodo placerat. Praesent blandit. Nam nulla. Integer pede justo, lacinia eget, tincidunt eget, tempus vel, pede. Morbi porttitor lorem id ligula. Suspendisse ornare consequat lectus. In est risus, auctor sed, tristique in, tempus sit amet, sem. Fusce consequat. Nulla nisl. Nunc nisl. Duis bibendum, felis sed interdum venenatis, turpis enim blandit mi, in porttitor pede justo eu massa. Donec dapibus. Duis at velit eu est congue elementum. In hac habitasse platea dictumst. Morbi vestibulum, velit id pretium iaculis, diam erat fermentum justo, nec condimentum neque sapien placerat ante. Nulla justo. Aliquam quis turpis eget elit sodales scelerisque. Mauris sit amet eros. Suspendisse accumsan tortor quis turpis. Sed ante. Vivamus tortor. Duis mattis egestas metus. Aenean fermentum. Donec ut mauris eget massa tempor convallis. Nulla neque libero, convallis eget, eleifend luctus, ultricies eu, nibh. Quisque id justo sit amet sapien dignissim vestibulum. Vestibulum ante ipsum primis in faucibus orci luctus et ultrices posuere cubilia Curae; Nulla dapibus dolor vel est. Donec odio justo, sollicitudin ut, suscipit a, feugiat et, eros. Vestibulum ac est lacinia nisi venenatis tristique. Fusce congue, diam id ornare imperdiet, sapien urna pretium nisl, ut volutpat sapien arcu sed augue. Aliquam erat volutpat. In congue. Etiam justo. Etiam pretium iaculis justo. In hac habitasse platea dictumst. Etiam faucibus cursus urna.', '12/5/2016', 835, 3);
insert into blog (blog_id, title, content, create_at, user_id, blog_cate_id) values (11, 'Morbi ut odio.', 'Vivamus tortor. Duis mattis egestas metus. Aenean fermentum. Donec ut mauris eget massa tempor convallis. Nulla neque libero, convallis eget, eleifend luctus, ultricies eu, nibh. Quisque id justo sit amet sapien dignissim vestibulum. Vestibulum ante ipsum primis in faucibus orci luctus et ultrices posuere cubilia Curae; Nulla dapibus dolor vel est. Donec odio justo, sollicitudin ut, suscipit a, feugiat et, eros. Vestibulum ac est lacinia nisi venenatis tristique. Fusce congue, diam id ornare imperdiet, sapien urna pretium nisl, ut volutpat sapien arcu sed augue. Aliquam erat volutpat. In congue. Etiam justo. Etiam pretium iaculis justo. In hac habitasse platea dictumst. Etiam faucibus cursus urna. Ut tellus. Nulla ut erat id mauris vulputate elementum. Nullam varius. Nulla facilisi. Cras non velit nec nisi vulputate nonummy. Maecenas tincidunt lacus at velit. Vivamus vel nulla eget eros elementum pellentesque. Quisque porta volutpat erat. Quisque erat eros, viverra eget, congue eget, semper rutrum, nulla. Nunc purus. Phasellus in felis. Donec semper sapien a libero. Nam dui. Proin leo odio, porttitor id, consequat in, consequat ut, nulla. Sed accumsan felis. Ut at dolor quis odio consequat varius. Integer ac leo. Pellentesque ultrices mattis odio. Donec vitae nisi. Nam ultrices, libero non mattis pulvinar, nulla pede ullamcorper augue, a suscipit nulla elit ac nulla. Sed vel enim sit amet nunc viverra dapibus. Nulla suscipit ligula in lacus.', '6/25/2017', 828, 2);
insert into blog (blog_id, title, content, create_at, user_id, blog_cate_id) values (12, 'Curabitur in libero ut massa volutpat convallis. Morbi odio odio, elementum eu, interdum eu, tincidunt in, leo.', 'In blandit ultrices enim. Lorem ipsum dolor sit amet, consectetuer adipiscing elit. Proin interdum mauris non ligula pellentesque ultrices. Phasellus id sapien in sapien iaculis congue. Vivamus metus arcu, adipiscing molestie, hendrerit at, vulputate vitae, nisl. Aenean lectus. Pellentesque eget nunc. Donec quis orci eget orci vehicula condimentum. Curabitur in libero ut massa volutpat convallis. Morbi odio odio, elementum eu, interdum eu, tincidunt in, leo. Maecenas pulvinar lobortis est. Phasellus sit amet erat. Nulla tempus. Vivamus in felis eu sapien cursus vestibulum. Proin eu mi. Nulla ac enim. In tempor, turpis nec euismod scelerisque, quam turpis adipiscing lorem, vitae mattis nibh ligula nec sem. Duis aliquam convallis nunc. Proin at turpis a pede posuere nonummy. Integer non velit. Donec diam neque, vestibulum eget, vulputate ut, ultrices vel, augue. Vestibulum ante ipsum primis in faucibus orci luctus et ultrices posuere cubilia Curae; Donec pharetra, magna vestibulum aliquet ultrices, erat tortor sollicitudin mi, sit amet lobortis sapien sapien non mi. Integer ac neque. Duis bibendum. Morbi non quam nec dui luctus rutrum. Nulla tellus. In sagittis dui vel nisl. Duis ac nibh. Fusce lacus purus, aliquet at, feugiat non, pretium quis, lectus. Suspendisse potenti. In eleifend quam a odio. In hac habitasse platea dictumst. Maecenas ut massa quis augue luctus tincidunt. Nulla mollis molestie lorem. Quisque ut erat. Curabitur gravida nisi at nibh. In hac habitasse platea dictumst. Aliquam augue quam, sollicitudin vitae, consectetuer eget, rutrum at, lorem. Integer tincidunt ante vel ipsum. Praesent blandit lacinia erat. Vestibulum sed magna at nunc commodo placerat. Praesent blandit. Nam nulla. Integer pede justo, lacinia eget, tincidunt eget, tempus vel, pede. Morbi porttitor lorem id ligula.', '7/11/2017', 763, 3);
insert into blog (blog_id, title, content, create_at, user_id, blog_cate_id) values (13, 'Quisque erat eros, viverra eget, congue eget, semper rutrum, nulla.', 'Curabitur in libero ut massa volutpat convallis. Morbi odio odio, elementum eu, interdum eu, tincidunt in, leo. Maecenas pulvinar lobortis est. Phasellus sit amet erat. Nulla tempus. Vivamus in felis eu sapien cursus vestibulum. Proin eu mi. Nulla ac enim. In tempor, turpis nec euismod scelerisque, quam turpis adipiscing lorem, vitae mattis nibh ligula nec sem. Duis aliquam convallis nunc. Proin at turpis a pede posuere nonummy. Integer non velit. Donec diam neque, vestibulum eget, vulputate ut, ultrices vel, augue.', '4/21/2017', 512, 2);
insert into blog (blog_id, title, content, create_at, user_id, blog_cate_id) values (14, 'In hac habitasse platea dictumst.', 'Maecenas pulvinar lobortis est. Phasellus sit amet erat. Nulla tempus. Vivamus in felis eu sapien cursus vestibulum. Proin eu mi. Nulla ac enim. In tempor, turpis nec euismod scelerisque, quam turpis adipiscing lorem, vitae mattis nibh ligula nec sem. Duis aliquam convallis nunc. Proin at turpis a pede posuere nonummy. Integer non velit. Donec diam neque, vestibulum eget, vulputate ut, ultrices vel, augue. Vestibulum ante ipsum primis in faucibus orci luctus et ultrices posuere cubilia Curae; Donec pharetra, magna vestibulum aliquet ultrices, erat tortor sollicitudin mi, sit amet lobortis sapien sapien non mi. Integer ac neque. Duis bibendum. Morbi non quam nec dui luctus rutrum. Nulla tellus. In sagittis dui vel nisl. Duis ac nibh. Fusce lacus purus, aliquet at, feugiat non, pretium quis, lectus. Suspendisse potenti. In eleifend quam a odio. In hac habitasse platea dictumst. Maecenas ut massa quis augue luctus tincidunt. Nulla mollis molestie lorem. Quisque ut erat. Curabitur gravida nisi at nibh. In hac habitasse platea dictumst. Aliquam augue quam, sollicitudin vitae, consectetuer eget, rutrum at, lorem. Integer tincidunt ante vel ipsum. Praesent blandit lacinia erat. Vestibulum sed magna at nunc commodo placerat. Praesent blandit. Nam nulla. Integer pede justo, lacinia eget, tincidunt eget, tempus vel, pede. Morbi porttitor lorem id ligula. Suspendisse ornare consequat lectus. In est risus, auctor sed, tristique in, tempus sit amet, sem. Fusce consequat. Nulla nisl. Nunc nisl.', '1/19/2017', 774, 1);
insert into blog (blog_id, title, content, create_at, user_id, blog_cate_id) values (15, 'Nullam orci pede, venenatis non, sodales sed, tincidunt eu, felis.', 'Fusce congue, diam id ornare imperdiet, sapien urna pretium nisl, ut volutpat sapien arcu sed augue. Aliquam erat volutpat. In congue. Etiam justo. Etiam pretium iaculis justo. In hac habitasse platea dictumst. Etiam faucibus cursus urna. Ut tellus. Nulla ut erat id mauris vulputate elementum. Nullam varius. Nulla facilisi. Cras non velit nec nisi vulputate nonummy. Maecenas tincidunt lacus at velit. Vivamus vel nulla eget eros elementum pellentesque. Quisque porta volutpat erat. Quisque erat eros, viverra eget, congue eget, semper rutrum, nulla. Nunc purus. Phasellus in felis. Donec semper sapien a libero. Nam dui. Proin leo odio, porttitor id, consequat in, consequat ut, nulla. Sed accumsan felis.', '1/29/2017', 98, 2);
insert into blog (blog_id, title, content, create_at, user_id, blog_cate_id) values (16, 'Morbi porttitor lorem id ligula.', 'Sed ante. Vivamus tortor. Duis mattis egestas metus. Aenean fermentum. Donec ut mauris eget massa tempor convallis. Nulla neque libero, convallis eget, eleifend luctus, ultricies eu, nibh. Quisque id justo sit amet sapien dignissim vestibulum. Vestibulum ante ipsum primis in faucibus orci luctus et ultrices posuere cubilia Curae; Nulla dapibus dolor vel est. Donec odio justo, sollicitudin ut, suscipit a, feugiat et, eros. Vestibulum ac est lacinia nisi venenatis tristique. Fusce congue, diam id ornare imperdiet, sapien urna pretium nisl, ut volutpat sapien arcu sed augue. Aliquam erat volutpat. In congue. Etiam justo. Etiam pretium iaculis justo. In hac habitasse platea dictumst. Etiam faucibus cursus urna. Ut tellus. Nulla ut erat id mauris vulputate elementum. Nullam varius. Nulla facilisi. Cras non velit nec nisi vulputate nonummy. Maecenas tincidunt lacus at velit. Vivamus vel nulla eget eros elementum pellentesque. Quisque porta volutpat erat. Quisque erat eros, viverra eget, congue eget, semper rutrum, nulla. Nunc purus. Phasellus in felis. Donec semper sapien a libero. Nam dui. Proin leo odio, porttitor id, consequat in, consequat ut, nulla. Sed accumsan felis. Ut at dolor quis odio consequat varius. Integer ac leo. Pellentesque ultrices mattis odio. Donec vitae nisi. Nam ultrices, libero non mattis pulvinar, nulla pede ullamcorper augue, a suscipit nulla elit ac nulla. Sed vel enim sit amet nunc viverra dapibus.', '10/31/2016', 72, 1);
insert into blog (blog_id, title, content, create_at, user_id, blog_cate_id) values (17, 'Donec vitae nisi.', 'Aliquam erat volutpat. In congue. Etiam justo. Etiam pretium iaculis justo. In hac habitasse platea dictumst. Etiam faucibus cursus urna. Ut tellus. Nulla ut erat id mauris vulputate elementum.', '10/25/2016', 584, 3);
insert into blog (blog_id, title, content, create_at, user_id, blog_cate_id) values (18, 'Fusce congue, diam id ornare imperdiet, sapien urna pretium nisl, ut volutpat sapien arcu sed augue. Aliquam erat volutpat.', 'Pellentesque at nulla. Suspendisse potenti. Cras in purus eu magna vulputate luctus. Cum sociis natoque penatibus et magnis dis parturient montes, nascetur ridiculus mus. Vivamus vestibulum sagittis sapien. Cum sociis natoque penatibus et magnis dis parturient montes, nascetur ridiculus mus. Etiam vel augue. Vestibulum rutrum rutrum neque. Aenean auctor gravida sem. Praesent id massa id nisl venenatis lacinia. Aenean sit amet justo. Morbi ut odio. Cras mi pede, malesuada in, imperdiet et, commodo vulputate, justo. In blandit ultrices enim. Lorem ipsum dolor sit amet, consectetuer adipiscing elit. Proin interdum mauris non ligula pellentesque ultrices. Phasellus id sapien in sapien iaculis congue. Vivamus metus arcu, adipiscing molestie, hendrerit at, vulputate vitae, nisl. Aenean lectus. Pellentesque eget nunc. Donec quis orci eget orci vehicula condimentum. Curabitur in libero ut massa volutpat convallis.', '4/27/2017', 83, 2);
insert into blog (blog_id, title, content, create_at, user_id, blog_cate_id) values (19, 'Aenean sit amet justo. Morbi ut odio.', 'Pellentesque viverra pede ac diam. Cras pellentesque volutpat dui. Maecenas tristique, est et tempus semper, est quam pharetra magna, ac consequat metus sapien ut nunc.', '8/7/2016', 457, 2);
insert into blog (blog_id, title, content, create_at, user_id, blog_cate_id) values (20, 'Mauris sit amet eros. Suspendisse accumsan tortor quis turpis.', 'Etiam justo. Etiam pretium iaculis justo.', '5/14/2017', 160, 1);
insert into blog (blog_id, title, content, create_at, user_id, blog_cate_id) values (21, 'Vestibulum ante ipsum primis in faucibus orci luctus et ultrices posuere cubilia Curae; Nulla dapibus dolor vel est. Donec odio justo, sollicitudin ut, suscipit a, feugiat et, eros.', 'Integer ac leo.', '1/15/2017', 288, 2);
insert into blog (blog_id, title, content, create_at, user_id, blog_cate_id) values (22, 'Suspendisse potenti. Nullam porttitor lacus at turpis.', 'Maecenas rhoncus aliquam lacus. Morbi quis tortor id nulla ultrices aliquet. Maecenas leo odio, condimentum id, luctus nec, molestie sed, justo. Pellentesque viverra pede ac diam. Cras pellentesque volutpat dui. Maecenas tristique, est et tempus semper, est quam pharetra magna, ac consequat metus sapien ut nunc. Vestibulum ante ipsum primis in faucibus orci luctus et ultrices posuere cubilia Curae; Mauris viverra diam vitae quam. Suspendisse potenti. Nullam porttitor lacus at turpis. Donec posuere metus vitae ipsum. Aliquam non mauris. Morbi non lectus. Aliquam sit amet diam in magna bibendum imperdiet.', '3/13/2017', 985, 1);
insert into blog (blog_id, title, content, create_at, user_id, blog_cate_id) values (23, 'Duis mattis egestas metus.', 'Etiam justo. Etiam pretium iaculis justo. In hac habitasse platea dictumst. Etiam faucibus cursus urna. Ut tellus. Nulla ut erat id mauris vulputate elementum. Nullam varius. Nulla facilisi. Cras non velit nec nisi vulputate nonummy. Maecenas tincidunt lacus at velit. Vivamus vel nulla eget eros elementum pellentesque. Quisque porta volutpat erat. Quisque erat eros, viverra eget, congue eget, semper rutrum, nulla.', '12/9/2016', 223, 3);
insert into blog (blog_id, title, content, create_at, user_id, blog_cate_id) values (24, 'Maecenas leo odio, condimentum id, luctus nec, molestie sed, justo. Pellentesque viverra pede ac diam.', 'Curabitur in libero ut massa volutpat convallis.', '2/16/2017', 536, 3);
insert into blog (blog_id, title, content, create_at, user_id, blog_cate_id) values (25, 'Duis aliquam convallis nunc. Proin at turpis a pede posuere nonummy.', 'Aenean sit amet justo. Morbi ut odio. Cras mi pede, malesuada in, imperdiet et, commodo vulputate, justo. In blandit ultrices enim. Lorem ipsum dolor sit amet, consectetuer adipiscing elit. Proin interdum mauris non ligula pellentesque ultrices. Phasellus id sapien in sapien iaculis congue. Vivamus metus arcu, adipiscing molestie, hendrerit at, vulputate vitae, nisl. Aenean lectus. Pellentesque eget nunc. Donec quis orci eget orci vehicula condimentum. Curabitur in libero ut massa volutpat convallis. Morbi odio odio, elementum eu, interdum eu, tincidunt in, leo. Maecenas pulvinar lobortis est. Phasellus sit amet erat. Nulla tempus. Vivamus in felis eu sapien cursus vestibulum. Proin eu mi. Nulla ac enim. In tempor, turpis nec euismod scelerisque, quam turpis adipiscing lorem, vitae mattis nibh ligula nec sem. Duis aliquam convallis nunc. Proin at turpis a pede posuere nonummy. Integer non velit. Donec diam neque, vestibulum eget, vulputate ut, ultrices vel, augue. Vestibulum ante ipsum primis in faucibus orci luctus et ultrices posuere cubilia Curae; Donec pharetra, magna vestibulum aliquet ultrices, erat tortor sollicitudin mi, sit amet lobortis sapien sapien non mi. Integer ac neque. Duis bibendum. Morbi non quam nec dui luctus rutrum. Nulla tellus. In sagittis dui vel nisl. Duis ac nibh. Fusce lacus purus, aliquet at, feugiat non, pretium quis, lectus. Suspendisse potenti. In eleifend quam a odio. In hac habitasse platea dictumst. Maecenas ut massa quis augue luctus tincidunt.', '11/13/2016', 584, 1);
insert into blog (blog_id, title, content, create_at, user_id, blog_cate_id) values (26, 'Maecenas tristique, est et tempus semper, est quam pharetra magna, ac consequat metus sapien ut nunc. Vestibulum ante ipsum primis in faucibus orci luctus et ultrices posuere cubilia Curae; Mauris viverra diam vitae quam.', 'Nunc nisl. Duis bibendum, felis sed interdum venenatis, turpis enim blandit mi, in porttitor pede justo eu massa. Donec dapibus. Duis at velit eu est congue elementum. In hac habitasse platea dictumst. Morbi vestibulum, velit id pretium iaculis, diam erat fermentum justo, nec condimentum neque sapien placerat ante. Nulla justo. Aliquam quis turpis eget elit sodales scelerisque. Mauris sit amet eros. Suspendisse accumsan tortor quis turpis. Sed ante. Vivamus tortor. Duis mattis egestas metus. Aenean fermentum. Donec ut mauris eget massa tempor convallis. Nulla neque libero, convallis eget, eleifend luctus, ultricies eu, nibh. Quisque id justo sit amet sapien dignissim vestibulum. Vestibulum ante ipsum primis in faucibus orci luctus et ultrices posuere cubilia Curae; Nulla dapibus dolor vel est. Donec odio justo, sollicitudin ut, suscipit a, feugiat et, eros. Vestibulum ac est lacinia nisi venenatis tristique. Fusce congue, diam id ornare imperdiet, sapien urna pretium nisl, ut volutpat sapien arcu sed augue. Aliquam erat volutpat. In congue. Etiam justo. Etiam pretium iaculis justo. In hac habitasse platea dictumst. Etiam faucibus cursus urna. Ut tellus. Nulla ut erat id mauris vulputate elementum. Nullam varius. Nulla facilisi. Cras non velit nec nisi vulputate nonummy.', '8/17/2016', 660, 2);
insert into blog (blog_id, title, content, create_at, user_id, blog_cate_id) values (27, 'Integer a nibh. In quis justo.', 'Duis bibendum. Morbi non quam nec dui luctus rutrum. Nulla tellus. In sagittis dui vel nisl. Duis ac nibh. Fusce lacus purus, aliquet at, feugiat non, pretium quis, lectus. Suspendisse potenti. In eleifend quam a odio. In hac habitasse platea dictumst. Maecenas ut massa quis augue luctus tincidunt. Nulla mollis molestie lorem. Quisque ut erat. Curabitur gravida nisi at nibh. In hac habitasse platea dictumst. Aliquam augue quam, sollicitudin vitae, consectetuer eget, rutrum at, lorem. Integer tincidunt ante vel ipsum. Praesent blandit lacinia erat. Vestibulum sed magna at nunc commodo placerat. Praesent blandit. Nam nulla. Integer pede justo, lacinia eget, tincidunt eget, tempus vel, pede. Morbi porttitor lorem id ligula. Suspendisse ornare consequat lectus. In est risus, auctor sed, tristique in, tempus sit amet, sem. Fusce consequat. Nulla nisl. Nunc nisl. Duis bibendum, felis sed interdum venenatis, turpis enim blandit mi, in porttitor pede justo eu massa. Donec dapibus. Duis at velit eu est congue elementum.', '12/28/2016', 653, 2);
insert into blog (blog_id, title, content, create_at, user_id, blog_cate_id) values (28, 'Morbi odio odio, elementum eu, interdum eu, tincidunt in, leo. Maecenas pulvinar lobortis est.', 'Praesent blandit lacinia erat. Vestibulum sed magna at nunc commodo placerat. Praesent blandit. Nam nulla. Integer pede justo, lacinia eget, tincidunt eget, tempus vel, pede. Morbi porttitor lorem id ligula. Suspendisse ornare consequat lectus. In est risus, auctor sed, tristique in, tempus sit amet, sem. Fusce consequat. Nulla nisl. Nunc nisl. Duis bibendum, felis sed interdum venenatis, turpis enim blandit mi, in porttitor pede justo eu massa. Donec dapibus. Duis at velit eu est congue elementum. In hac habitasse platea dictumst. Morbi vestibulum, velit id pretium iaculis, diam erat fermentum justo, nec condimentum neque sapien placerat ante. Nulla justo. Aliquam quis turpis eget elit sodales scelerisque. Mauris sit amet eros. Suspendisse accumsan tortor quis turpis. Sed ante. Vivamus tortor. Duis mattis egestas metus. Aenean fermentum. Donec ut mauris eget massa tempor convallis. Nulla neque libero, convallis eget, eleifend luctus, ultricies eu, nibh. Quisque id justo sit amet sapien dignissim vestibulum. Vestibulum ante ipsum primis in faucibus orci luctus et ultrices posuere cubilia Curae; Nulla dapibus dolor vel est.', '9/2/2016', 160, 1);
insert into blog (blog_id, title, content, create_at, user_id, blog_cate_id) values (29, 'Vivamus tortor.', 'Quisque id justo sit amet sapien dignissim vestibulum. Vestibulum ante ipsum primis in faucibus orci luctus et ultrices posuere cubilia Curae; Nulla dapibus dolor vel est. Donec odio justo, sollicitudin ut, suscipit a, feugiat et, eros. Vestibulum ac est lacinia nisi venenatis tristique. Fusce congue, diam id ornare imperdiet, sapien urna pretium nisl, ut volutpat sapien arcu sed augue. Aliquam erat volutpat. In congue. Etiam justo.', '12/3/2016', 293, 2);
insert into blog (blog_id, title, content, create_at, user_id, blog_cate_id) values (30, 'Vestibulum sed magna at nunc commodo placerat. Praesent blandit.', 'Praesent blandit. Nam nulla. Integer pede justo, lacinia eget, tincidunt eget, tempus vel, pede. Morbi porttitor lorem id ligula. Suspendisse ornare consequat lectus. In est risus, auctor sed, tristique in, tempus sit amet, sem. Fusce consequat. Nulla nisl. Nunc nisl. Duis bibendum, felis sed interdum venenatis, turpis enim blandit mi, in porttitor pede justo eu massa. Donec dapibus. Duis at velit eu est congue elementum. In hac habitasse platea dictumst. Morbi vestibulum, velit id pretium iaculis, diam erat fermentum justo, nec condimentum neque sapien placerat ante. Nulla justo. Aliquam quis turpis eget elit sodales scelerisque. Mauris sit amet eros. Suspendisse accumsan tortor quis turpis. Sed ante. Vivamus tortor. Duis mattis egestas metus. Aenean fermentum. Donec ut mauris eget massa tempor convallis. Nulla neque libero, convallis eget, eleifend luctus, ultricies eu, nibh. Quisque id justo sit amet sapien dignissim vestibulum. Vestibulum ante ipsum primis in faucibus orci luctus et ultrices posuere cubilia Curae; Nulla dapibus dolor vel est. Donec odio justo, sollicitudin ut, suscipit a, feugiat et, eros.', '4/29/2017', 423, 3);
insert into blog (blog_id, title, content, create_at, user_id, blog_cate_id) values (31, 'Nam nulla. Integer pede justo, lacinia eget, tincidunt eget, tempus vel, pede.', 'Vivamus vestibulum sagittis sapien. Cum sociis natoque penatibus et magnis dis parturient montes, nascetur ridiculus mus. Etiam vel augue. Vestibulum rutrum rutrum neque. Aenean auctor gravida sem. Praesent id massa id nisl venenatis lacinia. Aenean sit amet justo. Morbi ut odio. Cras mi pede, malesuada in, imperdiet et, commodo vulputate, justo. In blandit ultrices enim. Lorem ipsum dolor sit amet, consectetuer adipiscing elit. Proin interdum mauris non ligula pellentesque ultrices. Phasellus id sapien in sapien iaculis congue. Vivamus metus arcu, adipiscing molestie, hendrerit at, vulputate vitae, nisl. Aenean lectus. Pellentesque eget nunc. Donec quis orci eget orci vehicula condimentum. Curabitur in libero ut massa volutpat convallis. Morbi odio odio, elementum eu, interdum eu, tincidunt in, leo. Maecenas pulvinar lobortis est. Phasellus sit amet erat. Nulla tempus. Vivamus in felis eu sapien cursus vestibulum. Proin eu mi. Nulla ac enim. In tempor, turpis nec euismod scelerisque, quam turpis adipiscing lorem, vitae mattis nibh ligula nec sem. Duis aliquam convallis nunc. Proin at turpis a pede posuere nonummy. Integer non velit. Donec diam neque, vestibulum eget, vulputate ut, ultrices vel, augue. Vestibulum ante ipsum primis in faucibus orci luctus et ultrices posuere cubilia Curae; Donec pharetra, magna vestibulum aliquet ultrices, erat tortor sollicitudin mi, sit amet lobortis sapien sapien non mi. Integer ac neque. Duis bibendum. Morbi non quam nec dui luctus rutrum. Nulla tellus. In sagittis dui vel nisl. Duis ac nibh. Fusce lacus purus, aliquet at, feugiat non, pretium quis, lectus. Suspendisse potenti. In eleifend quam a odio. In hac habitasse platea dictumst. Maecenas ut massa quis augue luctus tincidunt. Nulla mollis molestie lorem. Quisque ut erat. Curabitur gravida nisi at nibh. In hac habitasse platea dictumst. Aliquam augue quam, sollicitudin vitae, consectetuer eget, rutrum at, lorem.', '10/4/2016', 776, 2);
insert into blog (blog_id, title, content, create_at, user_id, blog_cate_id) values (32, 'Nulla suscipit ligula in lacus. Curabitur at ipsum ac tellus semper interdum.', 'Lorem ipsum dolor sit amet, consectetuer adipiscing elit. Proin interdum mauris non ligula pellentesque ultrices. Phasellus id sapien in sapien iaculis congue. Vivamus metus arcu, adipiscing molestie, hendrerit at, vulputate vitae, nisl. Aenean lectus. Pellentesque eget nunc. Donec quis orci eget orci vehicula condimentum. Curabitur in libero ut massa volutpat convallis. Morbi odio odio, elementum eu, interdum eu, tincidunt in, leo. Maecenas pulvinar lobortis est. Phasellus sit amet erat. Nulla tempus. Vivamus in felis eu sapien cursus vestibulum. Proin eu mi. Nulla ac enim. In tempor, turpis nec euismod scelerisque, quam turpis adipiscing lorem, vitae mattis nibh ligula nec sem. Duis aliquam convallis nunc. Proin at turpis a pede posuere nonummy. Integer non velit. Donec diam neque, vestibulum eget, vulputate ut, ultrices vel, augue. Vestibulum ante ipsum primis in faucibus orci luctus et ultrices posuere cubilia Curae; Donec pharetra, magna vestibulum aliquet ultrices, erat tortor sollicitudin mi, sit amet lobortis sapien sapien non mi. Integer ac neque. Duis bibendum. Morbi non quam nec dui luctus rutrum. Nulla tellus. In sagittis dui vel nisl. Duis ac nibh. Fusce lacus purus, aliquet at, feugiat non, pretium quis, lectus. Suspendisse potenti.', '7/28/2016', 596, 3);
insert into blog (blog_id, title, content, create_at, user_id, blog_cate_id) values (33, 'Vestibulum ante ipsum primis in faucibus orci luctus et ultrices posuere cubilia Curae; Nulla dapibus dolor vel est. Donec odio justo, sollicitudin ut, suscipit a, feugiat et, eros.', 'Mauris lacinia sapien quis libero. Nullam sit amet turpis elementum ligula vehicula consequat. Morbi a ipsum. Integer a nibh.', '7/27/2016', 241, 2);
insert into blog (blog_id, title, content, create_at, user_id, blog_cate_id) values (34, 'Sed vel enim sit amet nunc viverra dapibus.', 'In congue. Etiam justo. Etiam pretium iaculis justo. In hac habitasse platea dictumst. Etiam faucibus cursus urna. Ut tellus. Nulla ut erat id mauris vulputate elementum.', '2/7/2017', 461, 3);
insert into blog (blog_id, title, content, create_at, user_id, blog_cate_id) values (35, 'Nullam orci pede, venenatis non, sodales sed, tincidunt eu, felis. Fusce posuere felis sed lacus.', 'Cras in purus eu magna vulputate luctus. Cum sociis natoque penatibus et magnis dis parturient montes, nascetur ridiculus mus. Vivamus vestibulum sagittis sapien. Cum sociis natoque penatibus et magnis dis parturient montes, nascetur ridiculus mus. Etiam vel augue. Vestibulum rutrum rutrum neque. Aenean auctor gravida sem. Praesent id massa id nisl venenatis lacinia. Aenean sit amet justo. Morbi ut odio. Cras mi pede, malesuada in, imperdiet et, commodo vulputate, justo. In blandit ultrices enim. Lorem ipsum dolor sit amet, consectetuer adipiscing elit. Proin interdum mauris non ligula pellentesque ultrices. Phasellus id sapien in sapien iaculis congue.', '10/10/2016', 73, 3);
insert into blog (blog_id, title, content, create_at, user_id, blog_cate_id) values (36, 'Morbi porttitor lorem id ligula. Suspendisse ornare consequat lectus.', 'Donec quis orci eget orci vehicula condimentum. Curabitur in libero ut massa volutpat convallis. Morbi odio odio, elementum eu, interdum eu, tincidunt in, leo. Maecenas pulvinar lobortis est. Phasellus sit amet erat. Nulla tempus.', '9/21/2016', 126, 1);
insert into blog (blog_id, title, content, create_at, user_id, blog_cate_id) values (37, 'Nulla facilisi.', 'Phasellus id sapien in sapien iaculis congue. Vivamus metus arcu, adipiscing molestie, hendrerit at, vulputate vitae, nisl. Aenean lectus. Pellentesque eget nunc. Donec quis orci eget orci vehicula condimentum. Curabitur in libero ut massa volutpat convallis. Morbi odio odio, elementum eu, interdum eu, tincidunt in, leo. Maecenas pulvinar lobortis est. Phasellus sit amet erat. Nulla tempus. Vivamus in felis eu sapien cursus vestibulum. Proin eu mi. Nulla ac enim. In tempor, turpis nec euismod scelerisque, quam turpis adipiscing lorem, vitae mattis nibh ligula nec sem. Duis aliquam convallis nunc. Proin at turpis a pede posuere nonummy. Integer non velit. Donec diam neque, vestibulum eget, vulputate ut, ultrices vel, augue. Vestibulum ante ipsum primis in faucibus orci luctus et ultrices posuere cubilia Curae; Donec pharetra, magna vestibulum aliquet ultrices, erat tortor sollicitudin mi, sit amet lobortis sapien sapien non mi. Integer ac neque. Duis bibendum. Morbi non quam nec dui luctus rutrum. Nulla tellus. In sagittis dui vel nisl. Duis ac nibh. Fusce lacus purus, aliquet at, feugiat non, pretium quis, lectus. Suspendisse potenti. In eleifend quam a odio. In hac habitasse platea dictumst. Maecenas ut massa quis augue luctus tincidunt. Nulla mollis molestie lorem. Quisque ut erat. Curabitur gravida nisi at nibh. In hac habitasse platea dictumst. Aliquam augue quam, sollicitudin vitae, consectetuer eget, rutrum at, lorem. Integer tincidunt ante vel ipsum. Praesent blandit lacinia erat. Vestibulum sed magna at nunc commodo placerat. Praesent blandit. Nam nulla. Integer pede justo, lacinia eget, tincidunt eget, tempus vel, pede. Morbi porttitor lorem id ligula. Suspendisse ornare consequat lectus. In est risus, auctor sed, tristique in, tempus sit amet, sem. Fusce consequat. Nulla nisl. Nunc nisl. Duis bibendum, felis sed interdum venenatis, turpis enim blandit mi, in porttitor pede justo eu massa. Donec dapibus. Duis at velit eu est congue elementum.', '3/25/2017', 41, 2);
insert into blog (blog_id, title, content, create_at, user_id, blog_cate_id) values (38, 'In congue. Etiam justo.', 'Nullam orci pede, venenatis non, sodales sed, tincidunt eu, felis. Fusce posuere felis sed lacus. Morbi sem mauris, laoreet ut, rhoncus aliquet, pulvinar sed, nisl. Nunc rhoncus dui vel sem. Sed sagittis. Nam congue, risus semper porta volutpat, quam pede lobortis ligula, sit amet eleifend pede libero quis orci. Nullam molestie nibh in lectus. Pellentesque at nulla. Suspendisse potenti. Cras in purus eu magna vulputate luctus. Cum sociis natoque penatibus et magnis dis parturient montes, nascetur ridiculus mus. Vivamus vestibulum sagittis sapien. Cum sociis natoque penatibus et magnis dis parturient montes, nascetur ridiculus mus. Etiam vel augue. Vestibulum rutrum rutrum neque. Aenean auctor gravida sem. Praesent id massa id nisl venenatis lacinia. Aenean sit amet justo. Morbi ut odio. Cras mi pede, malesuada in, imperdiet et, commodo vulputate, justo. In blandit ultrices enim. Lorem ipsum dolor sit amet, consectetuer adipiscing elit. Proin interdum mauris non ligula pellentesque ultrices. Phasellus id sapien in sapien iaculis congue. Vivamus metus arcu, adipiscing molestie, hendrerit at, vulputate vitae, nisl. Aenean lectus. Pellentesque eget nunc. Donec quis orci eget orci vehicula condimentum. Curabitur in libero ut massa volutpat convallis. Morbi odio odio, elementum eu, interdum eu, tincidunt in, leo. Maecenas pulvinar lobortis est. Phasellus sit amet erat. Nulla tempus. Vivamus in felis eu sapien cursus vestibulum. Proin eu mi. Nulla ac enim. In tempor, turpis nec euismod scelerisque, quam turpis adipiscing lorem, vitae mattis nibh ligula nec sem. Duis aliquam convallis nunc. Proin at turpis a pede posuere nonummy. Integer non velit.', '3/24/2017', 292, 1);
insert into blog (blog_id, title, content, create_at, user_id, blog_cate_id) values (39, 'Nulla tellus. In sagittis dui vel nisl.', 'Maecenas tristique, est et tempus semper, est quam pharetra magna, ac consequat metus sapien ut nunc. Vestibulum ante ipsum primis in faucibus orci luctus et ultrices posuere cubilia Curae; Mauris viverra diam vitae quam. Suspendisse potenti. Nullam porttitor lacus at turpis. Donec posuere metus vitae ipsum. Aliquam non mauris. Morbi non lectus. Aliquam sit amet diam in magna bibendum imperdiet. Nullam orci pede, venenatis non, sodales sed, tincidunt eu, felis. Fusce posuere felis sed lacus. Morbi sem mauris, laoreet ut, rhoncus aliquet, pulvinar sed, nisl. Nunc rhoncus dui vel sem. Sed sagittis. Nam congue, risus semper porta volutpat, quam pede lobortis ligula, sit amet eleifend pede libero quis orci. Nullam molestie nibh in lectus. Pellentesque at nulla. Suspendisse potenti. Cras in purus eu magna vulputate luctus. Cum sociis natoque penatibus et magnis dis parturient montes, nascetur ridiculus mus. Vivamus vestibulum sagittis sapien. Cum sociis natoque penatibus et magnis dis parturient montes, nascetur ridiculus mus. Etiam vel augue. Vestibulum rutrum rutrum neque. Aenean auctor gravida sem. Praesent id massa id nisl venenatis lacinia. Aenean sit amet justo. Morbi ut odio. Cras mi pede, malesuada in, imperdiet et, commodo vulputate, justo. In blandit ultrices enim. Lorem ipsum dolor sit amet, consectetuer adipiscing elit. Proin interdum mauris non ligula pellentesque ultrices. Phasellus id sapien in sapien iaculis congue.', '4/20/2017', 516, 3);
insert into blog (blog_id, title, content, create_at, user_id, blog_cate_id) values (40, 'Maecenas rhoncus aliquam lacus. Morbi quis tortor id nulla ultrices aliquet.', 'Nulla tellus. In sagittis dui vel nisl. Duis ac nibh. Fusce lacus purus, aliquet at, feugiat non, pretium quis, lectus. Suspendisse potenti. In eleifend quam a odio. In hac habitasse platea dictumst. Maecenas ut massa quis augue luctus tincidunt. Nulla mollis molestie lorem. Quisque ut erat. Curabitur gravida nisi at nibh. In hac habitasse platea dictumst. Aliquam augue quam, sollicitudin vitae, consectetuer eget, rutrum at, lorem. Integer tincidunt ante vel ipsum. Praesent blandit lacinia erat. Vestibulum sed magna at nunc commodo placerat. Praesent blandit. Nam nulla. Integer pede justo, lacinia eget, tincidunt eget, tempus vel, pede. Morbi porttitor lorem id ligula. Suspendisse ornare consequat lectus. In est risus, auctor sed, tristique in, tempus sit amet, sem. Fusce consequat. Nulla nisl. Nunc nisl. Duis bibendum, felis sed interdum venenatis, turpis enim blandit mi, in porttitor pede justo eu massa. Donec dapibus. Duis at velit eu est congue elementum. In hac habitasse platea dictumst. Morbi vestibulum, velit id pretium iaculis, diam erat fermentum justo, nec condimentum neque sapien placerat ante. Nulla justo. Aliquam quis turpis eget elit sodales scelerisque. Mauris sit amet eros. Suspendisse accumsan tortor quis turpis. Sed ante. Vivamus tortor. Duis mattis egestas metus. Aenean fermentum. Donec ut mauris eget massa tempor convallis. Nulla neque libero, convallis eget, eleifend luctus, ultricies eu, nibh. Quisque id justo sit amet sapien dignissim vestibulum. Vestibulum ante ipsum primis in faucibus orci luctus et ultrices posuere cubilia Curae; Nulla dapibus dolor vel est. Donec odio justo, sollicitudin ut, suscipit a, feugiat et, eros. Vestibulum ac est lacinia nisi venenatis tristique. Fusce congue, diam id ornare imperdiet, sapien urna pretium nisl, ut volutpat sapien arcu sed augue. Aliquam erat volutpat. In congue. Etiam justo.', '1/6/2017', 919, 2);
insert into blog (blog_id, title, content, create_at, user_id, blog_cate_id) values (41, 'Etiam justo.', 'Maecenas tristique, est et tempus semper, est quam pharetra magna, ac consequat metus sapien ut nunc. Vestibulum ante ipsum primis in faucibus orci luctus et ultrices posuere cubilia Curae; Mauris viverra diam vitae quam. Suspendisse potenti.', '2/5/2017', 41, 3);
insert into blog (blog_id, title, content, create_at, user_id, blog_cate_id) values (42, 'Donec posuere metus vitae ipsum.', 'Morbi a ipsum. Integer a nibh. In quis justo. Maecenas rhoncus aliquam lacus. Morbi quis tortor id nulla ultrices aliquet. Maecenas leo odio, condimentum id, luctus nec, molestie sed, justo. Pellentesque viverra pede ac diam. Cras pellentesque volutpat dui. Maecenas tristique, est et tempus semper, est quam pharetra magna, ac consequat metus sapien ut nunc. Vestibulum ante ipsum primis in faucibus orci luctus et ultrices posuere cubilia Curae; Mauris viverra diam vitae quam. Suspendisse potenti. Nullam porttitor lacus at turpis. Donec posuere metus vitae ipsum. Aliquam non mauris. Morbi non lectus. Aliquam sit amet diam in magna bibendum imperdiet. Nullam orci pede, venenatis non, sodales sed, tincidunt eu, felis. Fusce posuere felis sed lacus. Morbi sem mauris, laoreet ut, rhoncus aliquet, pulvinar sed, nisl. Nunc rhoncus dui vel sem. Sed sagittis. Nam congue, risus semper porta volutpat, quam pede lobortis ligula, sit amet eleifend pede libero quis orci. Nullam molestie nibh in lectus. Pellentesque at nulla. Suspendisse potenti. Cras in purus eu magna vulputate luctus. Cum sociis natoque penatibus et magnis dis parturient montes, nascetur ridiculus mus.', '9/22/2016', 611, 1);
insert into blog (blog_id, title, content, create_at, user_id, blog_cate_id) values (43, 'Duis bibendum. Morbi non quam nec dui luctus rutrum.', 'Etiam faucibus cursus urna. Ut tellus. Nulla ut erat id mauris vulputate elementum. Nullam varius. Nulla facilisi. Cras non velit nec nisi vulputate nonummy. Maecenas tincidunt lacus at velit. Vivamus vel nulla eget eros elementum pellentesque. Quisque porta volutpat erat. Quisque erat eros, viverra eget, congue eget, semper rutrum, nulla. Nunc purus. Phasellus in felis. Donec semper sapien a libero. Nam dui. Proin leo odio, porttitor id, consequat in, consequat ut, nulla. Sed accumsan felis. Ut at dolor quis odio consequat varius. Integer ac leo. Pellentesque ultrices mattis odio. Donec vitae nisi. Nam ultrices, libero non mattis pulvinar, nulla pede ullamcorper augue, a suscipit nulla elit ac nulla.', '7/22/2016', 699, 1);
insert into blog (blog_id, title, content, create_at, user_id, blog_cate_id) values (44, 'Nulla nisl. Nunc nisl.', 'Aenean sit amet justo. Morbi ut odio. Cras mi pede, malesuada in, imperdiet et, commodo vulputate, justo. In blandit ultrices enim. Lorem ipsum dolor sit amet, consectetuer adipiscing elit. Proin interdum mauris non ligula pellentesque ultrices. Phasellus id sapien in sapien iaculis congue. Vivamus metus arcu, adipiscing molestie, hendrerit at, vulputate vitae, nisl. Aenean lectus. Pellentesque eget nunc. Donec quis orci eget orci vehicula condimentum. Curabitur in libero ut massa volutpat convallis. Morbi odio odio, elementum eu, interdum eu, tincidunt in, leo. Maecenas pulvinar lobortis est. Phasellus sit amet erat. Nulla tempus. Vivamus in felis eu sapien cursus vestibulum. Proin eu mi. Nulla ac enim. In tempor, turpis nec euismod scelerisque, quam turpis adipiscing lorem, vitae mattis nibh ligula nec sem. Duis aliquam convallis nunc. Proin at turpis a pede posuere nonummy. Integer non velit. Donec diam neque, vestibulum eget, vulputate ut, ultrices vel, augue. Vestibulum ante ipsum primis in faucibus orci luctus et ultrices posuere cubilia Curae; Donec pharetra, magna vestibulum aliquet ultrices, erat tortor sollicitudin mi, sit amet lobortis sapien sapien non mi. Integer ac neque. Duis bibendum. Morbi non quam nec dui luctus rutrum. Nulla tellus. In sagittis dui vel nisl. Duis ac nibh. Fusce lacus purus, aliquet at, feugiat non, pretium quis, lectus. Suspendisse potenti. In eleifend quam a odio.', '6/6/2017', 69, 2);
insert into blog (blog_id, title, content, create_at, user_id, blog_cate_id) values (45, 'Nam congue, risus semper porta volutpat, quam pede lobortis ligula, sit amet eleifend pede libero quis orci.', 'Suspendisse ornare consequat lectus. In est risus, auctor sed, tristique in, tempus sit amet, sem. Fusce consequat. Nulla nisl. Nunc nisl. Duis bibendum, felis sed interdum venenatis, turpis enim blandit mi, in porttitor pede justo eu massa. Donec dapibus. Duis at velit eu est congue elementum. In hac habitasse platea dictumst. Morbi vestibulum, velit id pretium iaculis, diam erat fermentum justo, nec condimentum neque sapien placerat ante. Nulla justo. Aliquam quis turpis eget elit sodales scelerisque. Mauris sit amet eros. Suspendisse accumsan tortor quis turpis. Sed ante. Vivamus tortor. Duis mattis egestas metus. Aenean fermentum. Donec ut mauris eget massa tempor convallis. Nulla neque libero, convallis eget, eleifend luctus, ultricies eu, nibh. Quisque id justo sit amet sapien dignissim vestibulum. Vestibulum ante ipsum primis in faucibus orci luctus et ultrices posuere cubilia Curae; Nulla dapibus dolor vel est. Donec odio justo, sollicitudin ut, suscipit a, feugiat et, eros. Vestibulum ac est lacinia nisi venenatis tristique. Fusce congue, diam id ornare imperdiet, sapien urna pretium nisl, ut volutpat sapien arcu sed augue. Aliquam erat volutpat. In congue. Etiam justo. Etiam pretium iaculis justo. In hac habitasse platea dictumst. Etiam faucibus cursus urna. Ut tellus. Nulla ut erat id mauris vulputate elementum. Nullam varius. Nulla facilisi. Cras non velit nec nisi vulputate nonummy. Maecenas tincidunt lacus at velit. Vivamus vel nulla eget eros elementum pellentesque. Quisque porta volutpat erat. Quisque erat eros, viverra eget, congue eget, semper rutrum, nulla. Nunc purus. Phasellus in felis. Donec semper sapien a libero. Nam dui. Proin leo odio, porttitor id, consequat in, consequat ut, nulla. Sed accumsan felis. Ut at dolor quis odio consequat varius. Integer ac leo. Pellentesque ultrices mattis odio. Donec vitae nisi.', '7/16/2016', 973, 1);
insert into blog (blog_id, title, content, create_at, user_id, blog_cate_id) values (46, 'Maecenas pulvinar lobortis est.', 'Integer pede justo, lacinia eget, tincidunt eget, tempus vel, pede. Morbi porttitor lorem id ligula. Suspendisse ornare consequat lectus. In est risus, auctor sed, tristique in, tempus sit amet, sem. Fusce consequat. Nulla nisl. Nunc nisl. Duis bibendum, felis sed interdum venenatis, turpis enim blandit mi, in porttitor pede justo eu massa. Donec dapibus. Duis at velit eu est congue elementum. In hac habitasse platea dictumst. Morbi vestibulum, velit id pretium iaculis, diam erat fermentum justo, nec condimentum neque sapien placerat ante. Nulla justo. Aliquam quis turpis eget elit sodales scelerisque. Mauris sit amet eros. Suspendisse accumsan tortor quis turpis. Sed ante. Vivamus tortor. Duis mattis egestas metus. Aenean fermentum. Donec ut mauris eget massa tempor convallis. Nulla neque libero, convallis eget, eleifend luctus, ultricies eu, nibh. Quisque id justo sit amet sapien dignissim vestibulum. Vestibulum ante ipsum primis in faucibus orci luctus et ultrices posuere cubilia Curae; Nulla dapibus dolor vel est. Donec odio justo, sollicitudin ut, suscipit a, feugiat et, eros. Vestibulum ac est lacinia nisi venenatis tristique. Fusce congue, diam id ornare imperdiet, sapien urna pretium nisl, ut volutpat sapien arcu sed augue. Aliquam erat volutpat. In congue. Etiam justo. Etiam pretium iaculis justo. In hac habitasse platea dictumst. Etiam faucibus cursus urna. Ut tellus. Nulla ut erat id mauris vulputate elementum. Nullam varius. Nulla facilisi. Cras non velit nec nisi vulputate nonummy.', '7/2/2017', 345, 3);
insert into blog (blog_id, title, content, create_at, user_id, blog_cate_id) values (47, 'Nulla ac enim.', 'Curabitur convallis. Duis consequat dui nec nisi volutpat eleifend. Donec ut dolor. Morbi vel lectus in quam fringilla rhoncus. Mauris enim leo, rhoncus sed, vestibulum sit amet, cursus id, turpis. Integer aliquet, massa id lobortis convallis, tortor risus dapibus augue, vel accumsan tellus nisi eu orci. Mauris lacinia sapien quis libero. Nullam sit amet turpis elementum ligula vehicula consequat. Morbi a ipsum. Integer a nibh. In quis justo. Maecenas rhoncus aliquam lacus. Morbi quis tortor id nulla ultrices aliquet. Maecenas leo odio, condimentum id, luctus nec, molestie sed, justo. Pellentesque viverra pede ac diam. Cras pellentesque volutpat dui. Maecenas tristique, est et tempus semper, est quam pharetra magna, ac consequat metus sapien ut nunc. Vestibulum ante ipsum primis in faucibus orci luctus et ultrices posuere cubilia Curae; Mauris viverra diam vitae quam. Suspendisse potenti. Nullam porttitor lacus at turpis. Donec posuere metus vitae ipsum. Aliquam non mauris. Morbi non lectus. Aliquam sit amet diam in magna bibendum imperdiet. Nullam orci pede, venenatis non, sodales sed, tincidunt eu, felis. Fusce posuere felis sed lacus. Morbi sem mauris, laoreet ut, rhoncus aliquet, pulvinar sed, nisl. Nunc rhoncus dui vel sem. Sed sagittis. Nam congue, risus semper porta volutpat, quam pede lobortis ligula, sit amet eleifend pede libero quis orci. Nullam molestie nibh in lectus. Pellentesque at nulla. Suspendisse potenti. Cras in purus eu magna vulputate luctus. Cum sociis natoque penatibus et magnis dis parturient montes, nascetur ridiculus mus. Vivamus vestibulum sagittis sapien. Cum sociis natoque penatibus et magnis dis parturient montes, nascetur ridiculus mus. Etiam vel augue. Vestibulum rutrum rutrum neque. Aenean auctor gravida sem. Praesent id massa id nisl venenatis lacinia. Aenean sit amet justo. Morbi ut odio. Cras mi pede, malesuada in, imperdiet et, commodo vulputate, justo. In blandit ultrices enim. Lorem ipsum dolor sit amet, consectetuer adipiscing elit.', '7/31/2016', 16, 1);
insert into blog (blog_id, title, content, create_at, user_id, blog_cate_id) values (48, 'Vestibulum sed magna at nunc commodo placerat. Praesent blandit.', 'In congue. Etiam justo. Etiam pretium iaculis justo. In hac habitasse platea dictumst. Etiam faucibus cursus urna. Ut tellus. Nulla ut erat id mauris vulputate elementum. Nullam varius. Nulla facilisi. Cras non velit nec nisi vulputate nonummy. Maecenas tincidunt lacus at velit. Vivamus vel nulla eget eros elementum pellentesque. Quisque porta volutpat erat. Quisque erat eros, viverra eget, congue eget, semper rutrum, nulla. Nunc purus. Phasellus in felis. Donec semper sapien a libero. Nam dui. Proin leo odio, porttitor id, consequat in, consequat ut, nulla. Sed accumsan felis. Ut at dolor quis odio consequat varius. Integer ac leo. Pellentesque ultrices mattis odio. Donec vitae nisi. Nam ultrices, libero non mattis pulvinar, nulla pede ullamcorper augue, a suscipit nulla elit ac nulla.', '2/5/2017', 212, 3);
insert into blog (blog_id, title, content, create_at, user_id, blog_cate_id) values (49, 'Duis consequat dui nec nisi volutpat eleifend.', 'Aliquam sit amet diam in magna bibendum imperdiet. Nullam orci pede, venenatis non, sodales sed, tincidunt eu, felis. Fusce posuere felis sed lacus. Morbi sem mauris, laoreet ut, rhoncus aliquet, pulvinar sed, nisl. Nunc rhoncus dui vel sem. Sed sagittis. Nam congue, risus semper porta volutpat, quam pede lobortis ligula, sit amet eleifend pede libero quis orci.', '3/29/2017', 300, 1);
insert into blog (blog_id, title, content, create_at, user_id, blog_cate_id) values (50, 'Phasellus id sapien in sapien iaculis congue.', 'Aenean sit amet justo. Morbi ut odio. Cras mi pede, malesuada in, imperdiet et, commodo vulputate, justo. In blandit ultrices enim. Lorem ipsum dolor sit amet, consectetuer adipiscing elit. Proin interdum mauris non ligula pellentesque ultrices. Phasellus id sapien in sapien iaculis congue. Vivamus metus arcu, adipiscing molestie, hendrerit at, vulputate vitae, nisl. Aenean lectus. Pellentesque eget nunc. Donec quis orci eget orci vehicula condimentum. Curabitur in libero ut massa volutpat convallis. Morbi odio odio, elementum eu, interdum eu, tincidunt in, leo. Maecenas pulvinar lobortis est. Phasellus sit amet erat. Nulla tempus. Vivamus in felis eu sapien cursus vestibulum. Proin eu mi. Nulla ac enim. In tempor, turpis nec euismod scelerisque, quam turpis adipiscing lorem, vitae mattis nibh ligula nec sem. Duis aliquam convallis nunc. Proin at turpis a pede posuere nonummy. Integer non velit. Donec diam neque, vestibulum eget, vulputate ut, ultrices vel, augue. Vestibulum ante ipsum primis in faucibus orci luctus et ultrices posuere cubilia Curae; Donec pharetra, magna vestibulum aliquet ultrices, erat tortor sollicitudin mi, sit amet lobortis sapien sapien non mi. Integer ac neque. Duis bibendum. Morbi non quam nec dui luctus rutrum. Nulla tellus. In sagittis dui vel nisl.', '3/31/2017', 158, 2);


create table blog_picture (
	blog_pic_id INT PRIMARY KEY,
	url VARCHAR(300),
	blog_id INT
);

insert into blog_picture (blog_pic_id, url, blog_id) values (1, 'http://dummyimage.com/212x140.jpg/cc0000/ffffff', 37);
insert into blog_picture (blog_pic_id, url, blog_id) values (2, 'http://dummyimage.com/110x126.bmp/cc0000/ffffff', 10);
insert into blog_picture (blog_pic_id, url, blog_id) values (3, 'http://dummyimage.com/129x137.jpg/cc0000/ffffff', 27);
insert into blog_picture (blog_pic_id, url, blog_id) values (4, 'http://dummyimage.com/208x183.jpg/dddddd/000000', 28);
insert into blog_picture (blog_pic_id, url, blog_id) values (5, 'http://dummyimage.com/173x238.jpg/5fa2dd/ffffff', 4);
insert into blog_picture (blog_pic_id, url, blog_id) values (6, 'http://dummyimage.com/183x121.png/ff4444/ffffff', 18);
insert into blog_picture (blog_pic_id, url, blog_id) values (7, 'http://dummyimage.com/151x172.jpg/ff4444/ffffff', 34);
insert into blog_picture (blog_pic_id, url, blog_id) values (8, 'http://dummyimage.com/110x130.bmp/cc0000/ffffff', 28);
insert into blog_picture (blog_pic_id, url, blog_id) values (9, 'http://dummyimage.com/129x192.png/cc0000/ffffff', 21);
insert into blog_picture (blog_pic_id, url, blog_id) values (10, 'http://dummyimage.com/123x202.png/5fa2dd/ffffff', 14);
insert into blog_picture (blog_pic_id, url, blog_id) values (11, 'http://dummyimage.com/172x199.jpg/dddddd/000000', 21);
insert into blog_picture (blog_pic_id, url, blog_id) values (12, 'http://dummyimage.com/149x184.png/5fa2dd/ffffff', 16);
insert into blog_picture (blog_pic_id, url, blog_id) values (13, 'http://dummyimage.com/125x108.jpg/dddddd/000000', 32);
insert into blog_picture (blog_pic_id, url, blog_id) values (14, 'http://dummyimage.com/195x199.png/cc0000/ffffff', 11);
insert into blog_picture (blog_pic_id, url, blog_id) values (15, 'http://dummyimage.com/243x144.jpg/5fa2dd/ffffff', 40);
insert into blog_picture (blog_pic_id, url, blog_id) values (16, 'http://dummyimage.com/151x232.png/dddddd/000000', 20);
insert into blog_picture (blog_pic_id, url, blog_id) values (17, 'http://dummyimage.com/151x212.png/dddddd/000000', 47);
insert into blog_picture (blog_pic_id, url, blog_id) values (18, 'http://dummyimage.com/209x185.jpg/dddddd/000000', 10);
insert into blog_picture (blog_pic_id, url, blog_id) values (19, 'http://dummyimage.com/189x167.bmp/5fa2dd/ffffff', 21);
insert into blog_picture (blog_pic_id, url, blog_id) values (20, 'http://dummyimage.com/109x221.jpg/dddddd/000000', 25);
insert into blog_picture (blog_pic_id, url, blog_id) values (21, 'http://dummyimage.com/170x164.png/cc0000/ffffff', 36);
insert into blog_picture (blog_pic_id, url, blog_id) values (22, 'http://dummyimage.com/250x213.png/cc0000/ffffff', 46);
insert into blog_picture (blog_pic_id, url, blog_id) values (23, 'http://dummyimage.com/177x165.jpg/cc0000/ffffff', 33);
insert into blog_picture (blog_pic_id, url, blog_id) values (24, 'http://dummyimage.com/115x149.bmp/cc0000/ffffff', 26);
insert into blog_picture (blog_pic_id, url, blog_id) values (25, 'http://dummyimage.com/242x129.png/cc0000/ffffff', 25);
insert into blog_picture (blog_pic_id, url, blog_id) values (26, 'http://dummyimage.com/113x249.bmp/ff4444/ffffff', 22);
insert into blog_picture (blog_pic_id, url, blog_id) values (27, 'http://dummyimage.com/225x122.png/ff4444/ffffff', 27);
insert into blog_picture (blog_pic_id, url, blog_id) values (28, 'http://dummyimage.com/202x239.png/dddddd/000000', 38);
insert into blog_picture (blog_pic_id, url, blog_id) values (29, 'http://dummyimage.com/226x180.png/cc0000/ffffff', 50);
insert into blog_picture (blog_pic_id, url, blog_id) values (30, 'http://dummyimage.com/134x207.png/cc0000/ffffff', 14);
insert into blog_picture (blog_pic_id, url, blog_id) values (31, 'http://dummyimage.com/230x101.bmp/dddddd/000000', 5);
insert into blog_picture (blog_pic_id, url, blog_id) values (32, 'http://dummyimage.com/205x147.jpg/ff4444/ffffff', 31);
insert into blog_picture (blog_pic_id, url, blog_id) values (33, 'http://dummyimage.com/196x215.jpg/dddddd/000000', 17);
insert into blog_picture (blog_pic_id, url, blog_id) values (34, 'http://dummyimage.com/162x240.jpg/5fa2dd/ffffff', 28);
insert into blog_picture (blog_pic_id, url, blog_id) values (35, 'http://dummyimage.com/208x233.jpg/cc0000/ffffff', 45);
insert into blog_picture (blog_pic_id, url, blog_id) values (36, 'http://dummyimage.com/210x234.jpg/cc0000/ffffff', 45);
insert into blog_picture (blog_pic_id, url, blog_id) values (37, 'http://dummyimage.com/250x164.bmp/ff4444/ffffff', 14);
insert into blog_picture (blog_pic_id, url, blog_id) values (38, 'http://dummyimage.com/231x132.png/cc0000/ffffff', 3);
insert into blog_picture (blog_pic_id, url, blog_id) values (39, 'http://dummyimage.com/197x122.png/dddddd/000000', 2);
insert into blog_picture (blog_pic_id, url, blog_id) values (40, 'http://dummyimage.com/181x149.png/cc0000/ffffff', 29);
insert into blog_picture (blog_pic_id, url, blog_id) values (41, 'http://dummyimage.com/127x173.bmp/ff4444/ffffff', 47);
insert into blog_picture (blog_pic_id, url, blog_id) values (42, 'http://dummyimage.com/137x171.jpg/5fa2dd/ffffff', 4);
insert into blog_picture (blog_pic_id, url, blog_id) values (43, 'http://dummyimage.com/195x175.bmp/ff4444/ffffff', 16);
insert into blog_picture (blog_pic_id, url, blog_id) values (44, 'http://dummyimage.com/240x150.jpg/5fa2dd/ffffff', 37);
insert into blog_picture (blog_pic_id, url, blog_id) values (45, 'http://dummyimage.com/243x116.bmp/dddddd/000000', 26);
insert into blog_picture (blog_pic_id, url, blog_id) values (46, 'http://dummyimage.com/227x207.png/cc0000/ffffff', 39);
insert into blog_picture (blog_pic_id, url, blog_id) values (47, 'http://dummyimage.com/109x144.png/dddddd/000000', 31);
insert into blog_picture (blog_pic_id, url, blog_id) values (48, 'http://dummyimage.com/123x196.png/cc0000/ffffff', 30);
insert into blog_picture (blog_pic_id, url, blog_id) values (49, 'http://dummyimage.com/190x193.jpg/cc0000/ffffff', 3);
insert into blog_picture (blog_pic_id, url, blog_id) values (50, 'http://dummyimage.com/247x184.png/dddddd/000000', 38);
insert into blog_picture (blog_pic_id, url, blog_id) values (51, 'http://dummyimage.com/178x249.jpg/ff4444/ffffff', 20);
insert into blog_picture (blog_pic_id, url, blog_id) values (52, 'http://dummyimage.com/135x122.bmp/cc0000/ffffff', 36);
insert into blog_picture (blog_pic_id, url, blog_id) values (53, 'http://dummyimage.com/137x228.jpg/dddddd/000000', 10);
insert into blog_picture (blog_pic_id, url, blog_id) values (54, 'http://dummyimage.com/210x149.bmp/ff4444/ffffff', 50);
insert into blog_picture (blog_pic_id, url, blog_id) values (55, 'http://dummyimage.com/159x190.jpg/cc0000/ffffff', 23);
insert into blog_picture (blog_pic_id, url, blog_id) values (56, 'http://dummyimage.com/190x146.jpg/cc0000/ffffff', 44);
insert into blog_picture (blog_pic_id, url, blog_id) values (57, 'http://dummyimage.com/192x245.jpg/5fa2dd/ffffff', 24);
insert into blog_picture (blog_pic_id, url, blog_id) values (58, 'http://dummyimage.com/121x244.jpg/ff4444/ffffff', 5);
insert into blog_picture (blog_pic_id, url, blog_id) values (59, 'http://dummyimage.com/125x190.png/dddddd/000000', 33);
insert into blog_picture (blog_pic_id, url, blog_id) values (60, 'http://dummyimage.com/240x243.bmp/cc0000/ffffff', 4);
insert into blog_picture (blog_pic_id, url, blog_id) values (61, 'http://dummyimage.com/240x114.jpg/ff4444/ffffff', 13);
insert into blog_picture (blog_pic_id, url, blog_id) values (62, 'http://dummyimage.com/188x234.bmp/cc0000/ffffff', 40);
insert into blog_picture (blog_pic_id, url, blog_id) values (63, 'http://dummyimage.com/141x146.png/dddddd/000000', 36);
insert into blog_picture (blog_pic_id, url, blog_id) values (64, 'http://dummyimage.com/107x248.bmp/cc0000/ffffff', 15);
insert into blog_picture (blog_pic_id, url, blog_id) values (65, 'http://dummyimage.com/162x140.png/cc0000/ffffff', 35);
insert into blog_picture (blog_pic_id, url, blog_id) values (66, 'http://dummyimage.com/218x162.jpg/cc0000/ffffff', 20);
insert into blog_picture (blog_pic_id, url, blog_id) values (67, 'http://dummyimage.com/244x230.bmp/dddddd/000000', 40);
insert into blog_picture (blog_pic_id, url, blog_id) values (68, 'http://dummyimage.com/210x161.jpg/dddddd/000000', 31);
insert into blog_picture (blog_pic_id, url, blog_id) values (69, 'http://dummyimage.com/230x129.jpg/cc0000/ffffff', 24);
insert into blog_picture (blog_pic_id, url, blog_id) values (70, 'http://dummyimage.com/129x241.png/ff4444/ffffff', 14);
insert into blog_picture (blog_pic_id, url, blog_id) values (71, 'http://dummyimage.com/160x146.bmp/cc0000/ffffff', 20);
insert into blog_picture (blog_pic_id, url, blog_id) values (72, 'http://dummyimage.com/132x205.bmp/cc0000/ffffff', 11);
insert into blog_picture (blog_pic_id, url, blog_id) values (73, 'http://dummyimage.com/210x169.png/dddddd/000000', 40);
insert into blog_picture (blog_pic_id, url, blog_id) values (74, 'http://dummyimage.com/176x158.jpg/cc0000/ffffff', 34);
insert into blog_picture (blog_pic_id, url, blog_id) values (75, 'http://dummyimage.com/102x115.png/cc0000/ffffff', 3);
insert into blog_picture (blog_pic_id, url, blog_id) values (76, 'http://dummyimage.com/228x207.jpg/5fa2dd/ffffff', 2);
insert into blog_picture (blog_pic_id, url, blog_id) values (77, 'http://dummyimage.com/161x169.bmp/5fa2dd/ffffff', 37);
insert into blog_picture (blog_pic_id, url, blog_id) values (78, 'http://dummyimage.com/247x144.png/dddddd/000000', 40);
insert into blog_picture (blog_pic_id, url, blog_id) values (79, 'http://dummyimage.com/161x119.jpg/ff4444/ffffff', 24);
insert into blog_picture (blog_pic_id, url, blog_id) values (80, 'http://dummyimage.com/242x201.bmp/dddddd/000000', 20);
insert into blog_picture (blog_pic_id, url, blog_id) values (81, 'http://dummyimage.com/119x199.png/dddddd/000000', 26);
insert into blog_picture (blog_pic_id, url, blog_id) values (82, 'http://dummyimage.com/188x234.png/ff4444/ffffff', 48);
insert into blog_picture (blog_pic_id, url, blog_id) values (83, 'http://dummyimage.com/104x195.jpg/5fa2dd/ffffff', 33);
insert into blog_picture (blog_pic_id, url, blog_id) values (84, 'http://dummyimage.com/151x246.png/ff4444/ffffff', 49);
insert into blog_picture (blog_pic_id, url, blog_id) values (85, 'http://dummyimage.com/193x222.bmp/dddddd/000000', 16);
insert into blog_picture (blog_pic_id, url, blog_id) values (86, 'http://dummyimage.com/216x119.png/dddddd/000000', 24);
insert into blog_picture (blog_pic_id, url, blog_id) values (87, 'http://dummyimage.com/204x134.png/ff4444/ffffff', 30);
insert into blog_picture (blog_pic_id, url, blog_id) values (88, 'http://dummyimage.com/191x173.png/5fa2dd/ffffff', 48);
insert into blog_picture (blog_pic_id, url, blog_id) values (89, 'http://dummyimage.com/229x209.jpg/cc0000/ffffff', 26);
insert into blog_picture (blog_pic_id, url, blog_id) values (90, 'http://dummyimage.com/208x169.bmp/5fa2dd/ffffff', 13);
insert into blog_picture (blog_pic_id, url, blog_id) values (91, 'http://dummyimage.com/247x101.bmp/ff4444/ffffff', 9);
insert into blog_picture (blog_pic_id, url, blog_id) values (92, 'http://dummyimage.com/183x123.png/cc0000/ffffff', 32);
insert into blog_picture (blog_pic_id, url, blog_id) values (93, 'http://dummyimage.com/168x210.jpg/ff4444/ffffff', 29);
insert into blog_picture (blog_pic_id, url, blog_id) values (94, 'http://dummyimage.com/187x224.bmp/dddddd/000000', 30);
insert into blog_picture (blog_pic_id, url, blog_id) values (95, 'http://dummyimage.com/133x232.png/cc0000/ffffff', 3);
insert into blog_picture (blog_pic_id, url, blog_id) values (96, 'http://dummyimage.com/216x165.png/ff4444/ffffff', 14);
insert into blog_picture (blog_pic_id, url, blog_id) values (97, 'http://dummyimage.com/189x216.bmp/dddddd/000000', 29);
insert into blog_picture (blog_pic_id, url, blog_id) values (98, 'http://dummyimage.com/214x196.bmp/5fa2dd/ffffff', 23);
insert into blog_picture (blog_pic_id, url, blog_id) values (99, 'http://dummyimage.com/196x135.bmp/ff4444/ffffff', 39);
insert into blog_picture (blog_pic_id, url, blog_id) values (100, 'http://dummyimage.com/114x233.jpg/5fa2dd/ffffff', 44);
insert into blog_picture (blog_pic_id, url, blog_id) values (101, 'http://dummyimage.com/219x237.jpg/dddddd/000000', 29);
insert into blog_picture (blog_pic_id, url, blog_id) values (102, 'http://dummyimage.com/221x207.jpg/dddddd/000000', 29);
insert into blog_picture (blog_pic_id, url, blog_id) values (103, 'http://dummyimage.com/228x250.jpg/ff4444/ffffff', 33);
insert into blog_picture (blog_pic_id, url, blog_id) values (104, 'http://dummyimage.com/123x146.png/dddddd/000000', 39);
insert into blog_picture (blog_pic_id, url, blog_id) values (105, 'http://dummyimage.com/172x105.png/dddddd/000000', 28);
insert into blog_picture (blog_pic_id, url, blog_id) values (106, 'http://dummyimage.com/198x146.png/dddddd/000000', 35);
insert into blog_picture (blog_pic_id, url, blog_id) values (107, 'http://dummyimage.com/161x132.bmp/ff4444/ffffff', 28);
insert into blog_picture (blog_pic_id, url, blog_id) values (108, 'http://dummyimage.com/167x130.jpg/cc0000/ffffff', 21);
insert into blog_picture (blog_pic_id, url, blog_id) values (109, 'http://dummyimage.com/249x223.bmp/cc0000/ffffff', 42);
insert into blog_picture (blog_pic_id, url, blog_id) values (110, 'http://dummyimage.com/204x242.jpg/cc0000/ffffff', 14);
insert into blog_picture (blog_pic_id, url, blog_id) values (111, 'http://dummyimage.com/234x213.bmp/ff4444/ffffff', 31);
insert into blog_picture (blog_pic_id, url, blog_id) values (112, 'http://dummyimage.com/119x109.jpg/dddddd/000000', 38);
insert into blog_picture (blog_pic_id, url, blog_id) values (113, 'http://dummyimage.com/107x192.png/dddddd/000000', 49);
insert into blog_picture (blog_pic_id, url, blog_id) values (114, 'http://dummyimage.com/133x243.png/ff4444/ffffff', 38);
insert into blog_picture (blog_pic_id, url, blog_id) values (115, 'http://dummyimage.com/250x209.bmp/ff4444/ffffff', 36);
insert into blog_picture (blog_pic_id, url, blog_id) values (116, 'http://dummyimage.com/151x126.jpg/5fa2dd/ffffff', 15);
insert into blog_picture (blog_pic_id, url, blog_id) values (117, 'http://dummyimage.com/201x191.bmp/5fa2dd/ffffff', 2);
insert into blog_picture (blog_pic_id, url, blog_id) values (118, 'http://dummyimage.com/232x212.bmp/5fa2dd/ffffff', 31);
insert into blog_picture (blog_pic_id, url, blog_id) values (119, 'http://dummyimage.com/186x191.jpg/cc0000/ffffff', 25);
insert into blog_picture (blog_pic_id, url, blog_id) values (120, 'http://dummyimage.com/190x250.png/cc0000/ffffff', 13);
insert into blog_picture (blog_pic_id, url, blog_id) values (121, 'http://dummyimage.com/140x149.png/dddddd/000000', 12);
insert into blog_picture (blog_pic_id, url, blog_id) values (122, 'http://dummyimage.com/156x247.bmp/cc0000/ffffff', 10);
insert into blog_picture (blog_pic_id, url, blog_id) values (123, 'http://dummyimage.com/194x232.bmp/cc0000/ffffff', 46);
insert into blog_picture (blog_pic_id, url, blog_id) values (124, 'http://dummyimage.com/160x137.bmp/ff4444/ffffff', 47);
insert into blog_picture (blog_pic_id, url, blog_id) values (125, 'http://dummyimage.com/199x105.png/dddddd/000000', 32);
insert into blog_picture (blog_pic_id, url, blog_id) values (126, 'http://dummyimage.com/168x114.bmp/5fa2dd/ffffff', 27);
insert into blog_picture (blog_pic_id, url, blog_id) values (127, 'http://dummyimage.com/170x138.jpg/dddddd/000000', 9);
insert into blog_picture (blog_pic_id, url, blog_id) values (128, 'http://dummyimage.com/217x196.jpg/dddddd/000000', 21);
insert into blog_picture (blog_pic_id, url, blog_id) values (129, 'http://dummyimage.com/111x243.bmp/ff4444/ffffff', 27);
insert into blog_picture (blog_pic_id, url, blog_id) values (130, 'http://dummyimage.com/214x179.png/5fa2dd/ffffff', 29);
insert into blog_picture (blog_pic_id, url, blog_id) values (131, 'http://dummyimage.com/206x117.jpg/dddddd/000000', 3);
insert into blog_picture (blog_pic_id, url, blog_id) values (132, 'http://dummyimage.com/239x160.jpg/dddddd/000000', 28);
insert into blog_picture (blog_pic_id, url, blog_id) values (133, 'http://dummyimage.com/189x173.bmp/5fa2dd/ffffff', 1);
insert into blog_picture (blog_pic_id, url, blog_id) values (134, 'http://dummyimage.com/161x173.bmp/dddddd/000000', 24);
insert into blog_picture (blog_pic_id, url, blog_id) values (135, 'http://dummyimage.com/146x175.png/ff4444/ffffff', 4);
insert into blog_picture (blog_pic_id, url, blog_id) values (136, 'http://dummyimage.com/216x159.jpg/5fa2dd/ffffff', 35);
insert into blog_picture (blog_pic_id, url, blog_id) values (137, 'http://dummyimage.com/136x135.png/5fa2dd/ffffff', 6);
insert into blog_picture (blog_pic_id, url, blog_id) values (138, 'http://dummyimage.com/104x206.bmp/ff4444/ffffff', 14);
insert into blog_picture (blog_pic_id, url, blog_id) values (139, 'http://dummyimage.com/134x114.jpg/cc0000/ffffff', 2);
insert into blog_picture (blog_pic_id, url, blog_id) values (140, 'http://dummyimage.com/157x147.jpg/dddddd/000000', 12);
insert into blog_picture (blog_pic_id, url, blog_id) values (141, 'http://dummyimage.com/235x115.bmp/cc0000/ffffff', 27);
insert into blog_picture (blog_pic_id, url, blog_id) values (142, 'http://dummyimage.com/193x117.png/ff4444/ffffff', 16);
insert into blog_picture (blog_pic_id, url, blog_id) values (143, 'http://dummyimage.com/183x110.bmp/dddddd/000000', 32);
insert into blog_picture (blog_pic_id, url, blog_id) values (144, 'http://dummyimage.com/213x159.jpg/ff4444/ffffff', 10);
insert into blog_picture (blog_pic_id, url, blog_id) values (145, 'http://dummyimage.com/162x150.jpg/5fa2dd/ffffff', 12);
insert into blog_picture (blog_pic_id, url, blog_id) values (146, 'http://dummyimage.com/149x185.jpg/5fa2dd/ffffff', 6);
insert into blog_picture (blog_pic_id, url, blog_id) values (147, 'http://dummyimage.com/194x116.jpg/cc0000/ffffff', 19);
insert into blog_picture (blog_pic_id, url, blog_id) values (148, 'http://dummyimage.com/212x128.png/ff4444/ffffff', 22);
insert into blog_picture (blog_pic_id, url, blog_id) values (149, 'http://dummyimage.com/238x184.png/dddddd/000000', 18);
insert into blog_picture (blog_pic_id, url, blog_id) values (150, 'http://dummyimage.com/197x137.png/5fa2dd/ffffff', 43);


---add foreign key------
ALTER TABLE ward ADD CONSTRAINT ward_districtFK FOREIGN KEY (districtid) REFERENCES district (districtid) MATCH FULL;
ALTER TABLE district ADD CONSTRAINT district_provinceFK FOREIGN KEY (provinceid) REFERENCES province (provinceid) MATCH FULL;
ALTER TABLE request ADD CONSTRAINT request_wardFK FOREIGN KEY (wardid) REFERENCES ward (wardid) MATCH FULL;
ALTER TABLE post ADD CONSTRAINT post_wardFK FOREIGN KEY (wardid) REFERENCES ward (wardid) MATCH FULL;
ALTER TABLE request ADD CONSTRAINT request_categoryFK FOREIGN KEY (category_id) REFERENCES category (category_id) MATCH FULL;
ALTER TABLE fys_user ADD CONSTRAINT user_roleFK FOREIGN KEY (role_id) REFERENCES role (role_id) MATCH FULL;
ALTER TABLE post ADD CONSTRAINT post_userFK FOREIGN KEY (user_id) REFERENCES fys_user (user_id) MATCH FULL;
ALTER TABLE post ADD CONSTRAINT post_categoryFK FOREIGN KEY (category_id) REFERENCES category (category_id) MATCH FULL;
ALTER TABLE post_service ADD CONSTRAINT ps_postFK FOREIGN KEY (post_id) REFERENCES post (post_id) MATCH FULL;
ALTER TABLE post_service ADD CONSTRAINT ps_serviceFK FOREIGN KEY (service_id) REFERENCES service (service_id) MATCH FULL;
ALTER TABLE picture ADD CONSTRAINT pic_postFK FOREIGN KEY (post_id) REFERENCES post (post_id) MATCH FULL;
ALTER TABLE fys_order ADD CONSTRAINT order_postFK FOREIGN KEY (post_id) REFERENCES post (post_id) MATCH FULL;
ALTER TABLE fys_order ADD CONSTRAINT order_paymentFK FOREIGN KEY (payment_id) REFERENCES payment (payment_id) MATCH FULL;
ALTER TABLE fys_order ADD CONSTRAINT order_userFK FOREIGN KEY (user_id) REFERENCES fys_user (user_id) MATCH FULL;
ALTER TABLE request ADD CONSTRAINT request_userFK FOREIGN KEY (user_id) REFERENCES fys_user (user_id) MATCH FULL;
ALTER TABLE blog ADD CONSTRAINT blog_userFK FOREIGN KEY (user_id) REFERENCES fys_user (user_id) MATCH FULL;
ALTER TABLE blog ADD CONSTRAINT blog_blogCateFK FOREIGN KEY (blog_cate_id) REFERENCES blog_category (blog_cate_id) MATCH FULL;
ALTER TABLE blog_picture ADD CONSTRAINT blogPic_blogFK FOREIGN KEY (blog_id) REFERENCES blog (blog_id) MATCH FULL;

